{
  "E1_event_study": {
    "null": {
      "total": {
        "hl_pct": -0.015220652231800314,
        "t": -0.15827907175241532,
        "boot_p": 0.8792
      },
      "overnight": {
        "hl_pct": -0.010308390409113393,
        "t": -0.3511426019346695,
        "boot_p": 0.7348
      },
      "intraday": {
        "hl_pct": -0.005646945278945112,
        "t": -0.08336175401167252,
        "boot_p": 0.9324
      },
      "placebo_nonfrontier": {
        "hl_pct": 0.060025738052225164,
        "t": 0.570739470659774,
        "boot_p": null
      }
    },
    "injected_1.9pct_overnight80": {
      "total": {
        "hl_pct": 2.7916392996864126,
        "t": 35.79493197410657,
        "boot_p": 0.0
      },
      "overnight": {
        "hl_pct": 2.18673637422309,
        "t": 79.84370977151814,
        "boot_p": 0.0
      },
      "intraday": {
        "hl_pct": 0.6059976034957248,
        "t": 11.459390450463511,
        "boot_p": 0.0
      },
      "placebo_nonfrontier": {
        "hl_pct": 0.060815386469469816,
        "t": 0.6529868767517046,
        "boot_p": null
      }
    }
  },
  "E2_horse_race": {
    "null": {
      "consumption": {
        "hl_bps": -18.352551766800858,
        "t": -1.0129743986951432,
        "fm_lambda_bps": -241.90433999329997,
        "fm_t": -0.9082830800528864,
        "mom_q1_q5": [
          0.05479995783654916,
          0.04301941515403703
        ]
      },
      "capex": {
        "hl_bps": -34.96350682648558,
        "t": -1.6994415840936152,
        "fm_lambda_bps": -488.1101214593966,
        "fm_t": -1.9858229290787204,
        "mom_q1_q5": [
          0.06582773060360941,
          0.03123708888733145
        ]
      }
    },
    "H1_type_consumption_18bps": {
      "consumption": {
        "hl_bps": 20.42490191677174,
        "t": 0.8259586640712346,
        "fm_lambda_bps": 473.1474930875954,
        "fm_t": 1.0586314886262767,
        "mom_q1_q5": [
          0.001681819888612851,
          0.04375824375510706
        ]
      },
      "capex": {
        "hl_bps": 5.484932831844169,
        "t": 0.24105927239946037,
        "fm_lambda_bps": 213.9580121795026,
        "fm_t": 0.6124204224544112,
        "mom_q1_q5": [
          0.009951511654757507,
          0.04340947984974257
        ]
      }
    },
    "H2_type_capex_only_18bps": {
      "consumption": {
        "hl_bps": -10.096241750510746,
        "t": -0.40398709858234827,
        "fm_lambda_bps": -315.5807537258036,
        "fm_t": -0.6555984277451007,
        "mom_q1_q5": [
          0.02587010000859129,
          0.0077668612269197
        ]
      },
      "capex": {
        "hl_bps": -23.572186559692796,
        "t": -0.9834447411156795,
        "fm_lambda_bps": -102.67071662889683,
        "fm_t": -0.20733837302314675,
        "mom_q1_q5": [
          0.01761459938566062,
          0.015515403201960837
        ]
      }
    },
    "paper_scale_consumption_64bps": {
      "consumption": {
        "hl_bps": 13.404451290014048,
        "t": 0.5845275546847337,
        "fm_lambda_bps": -24.9371271484131,
        "fm_t": -0.05522555760279941,
        "mom_q1_q5": [
          0.01564661379392114,
          0.0038103119652802375
        ]
      },
      "capex": {
        "hl_bps": -25.462854247483953,
        "t": -0.9584772789928886,
        "fm_lambda_bps": -455.0423647467862,
        "fm_t": -0.9212938273155624,
        "mom_q1_q5": [
          0.028616879788709464,
          -0.010785821942875237
        ]
      }
    }
  },
  "E2P_power": {
    "noise0.0_prem0": {
      "power": 0.03,
      "mean_recovered_hl_bps": 0.45337428559987003
    },
    "noise0.0_prem10": {
      "power": 0.05,
      "mean_recovered_hl_bps": 5.628534125457845
    },
    "noise0.0_prem20": {
      "power": 0.09,
      "mean_recovered_hl_bps": 10.80369396531582
    },
    "noise0.0_prem30": {
      "power": 0.145,
      "mean_recovered_hl_bps": 15.978853805173799
    },
    "noise0.0_prem64": {
      "power": 0.38,
      "mean_recovered_hl_bps": 33.574397260690915
    },
    "noise1.0_prem0": {
      "power": 0.05,
      "mean_recovered_hl_bps": 0.5580539667279565
    },
    "noise1.0_prem10": {
      "power": 0.07,
      "mean_recovered_hl_bps": 4.469462016361938
    },
    "noise1.0_prem20": {
      "power": 0.085,
      "mean_recovered_hl_bps": 8.380870065995918
    },
    "noise1.0_prem30": {
      "power": 0.115,
      "mean_recovered_hl_bps": 12.292278115629902
    },
    "noise1.0_prem64": {
      "power": 0.29,
      "mean_recovered_hl_bps": 25.591065484385435
    }
  },
  "E3_mediation": {
    "null_premium20_no_mediation": {
      "double_sort": {
        "F1_sell": {
          "hl_bps": 25.07001762812096,
          "t": 1.1262238560604378
        },
        "F2_mid": {
          "hl_bps": 5.735933696723181,
          "t": 0.28808114762730075
        },
        "F3_buy": {
          "hl_bps": 4.801078607753119,
          "t": 0.19506731771234606
        },
        "buy_minus_sell_diff": {
          "hl_bps": -20.26893902036784,
          "t": -1.065966597470055
        }
      },
      "fm_attenuation_pct": -170.06354721401254,
      "fm_base_lambda": 52.6905474413166,
      "fm_withflow_lambda": 142.29796146650173
    },
    "mediated80_premium20": {
      "double_sort": {
        "F1_sell": {
          "hl_bps": 33.15631154267115,
          "t": 1.6934503941516892
        },
        "F2_mid": {
          "hl_bps": 4.254773935723654,
          "t": 0.1792869227679604
        },
        "F3_buy": {
          "hl_bps": 44.40833004623352,
          "t": 2.0764695734934833
        },
        "buy_minus_sell_diff": {
          "hl_bps": 11.252018503562363,
          "t": 0.5805941219338377
        }
      },
      "fm_attenuation_pct": 2.9910311720313887,
      "fm_base_lambda": 333.2134100536096,
      "fm_withflow_lambda": 323.24689308951736
    }
  },
  "_meta": {
    "runtime_sec": 116.4,
    "data": "SYNTHETIC_ONLY — 非台股實證;見 FACTS.md §0 網路封鎖記錄",
    "date": "2026-07-10"
  }
}